,Pair,K,W,Entropy_RLVR,Entropy_Base,GenSim_RLVR,GenSim_Base,Gap_RLVR,Gap_Base
0,Llama8B_GSM8K_L22,2,1,0.011836363,0.117578164,0.8477420074341679,0.9343821680805912,0.9024034297146083,0.6510251532428855
1,Llama8B_GSM8K_L22,2,3,0.003818959,0.082591,0.8800045847542558,0.9600538715196494,0.8163427909177623,0.49101403031130775
2,Llama8B_GSM8K_L22,2,5,0.004198745,0.113315344,0.9212798132607926,0.9653031544316383,0.8678772863812707,0.41917886878876
3,Llama8B_GSM8K_L22,4,1,0.021878822,0.17220384,0.9212827373959316,0.9473168088748001,0.8203003171422407,0.3254551947578205
4,Llama8B_GSM8K_L22,4,3,0.011486455,0.13286634,0.9477964241482256,0.968134014941633,0.7563250609324486,0.2787078189894675
5,Llama8B_GSM8K_L22,4,5,0.009373025,0.25067067,0.9659428662837368,0.9757367610221818,0.7037667676776456,0.44549987161082627
6,Llama8B_GSM8K_L22,6,1,0.031724196,0.15577407,0.9432882492991248,0.9477852922320742,0.704215024902222,0.31050959295580094
7,Llama8B_GSM8K_L22,6,3,0.022468386,0.3286677,0.9614055587458135,0.9711714391700756,0.7985791928525232,0.29511115180748027
8,Llama8B_GSM8K_L22,6,5,0.019842243,0.34047002,0.9730186096507393,0.9755096219125248,0.8084348773766727,0.3034531146037944
9,Llama8B_GSM8K_L22,8,1,0.037750397,0.25205666,0.9542585096505205,0.9473248504564464,0.7393976719289812,0.36863440506634226
10,Llama8B_GSM8K_L22,8,3,0.022687905,0.3730459,0.9709990781356529,0.9749134417397146,0.6582249702065953,0.2228455586139012
11,Llama8B_GSM8K_L22,8,5,0.019179476,0.43367064,0.9852450570967644,0.9753503610158251,0.8671058891755046,0.43161178319906424
12,Llama8B_GSM8K_Final,2,1,0.014196525,0.077762395,0.84404753220158,0.9175484002471832,0.7467236797510166,0.5437756629175845
13,Llama8B_GSM8K_Final,2,3,0.0070921495,0.07497715,0.8777674515024725,0.9397922553445982,0.8659637419965326,0.29317458787149064
14,Llama8B_GSM8K_Final,2,5,0.008044269,0.061534807,0.9053284669768881,0.9455129376555856,0.6173884460491857,0.22718638401241775
15,Llama8B_GSM8K_Final,4,1,0.04562604,0.18239275,0.9124710290631786,0.9317692877020801,0.7132819070411975,0.3437395551579141
16,Llama8B_GSM8K_Final,4,3,0.026565334,0.15970977,0.9438455675380776,0.9573714251027388,0.6656251049157507,0.3155510566812132
17,Llama8B_GSM8K_Final,4,5,0.026538339,0.1256141,0.9414533086076996,0.9621195127406428,0.5025653151660243,0.2748120227353703
18,Llama8B_GSM8K_Final,6,1,0.041069396,0.17461416,0.9398181209487984,0.9035345243178914,0.577453317592914,0.3088057844051124
19,Llama8B_GSM8K_Final,6,3,0.048332132,0.25566244,0.9565955750285143,0.9531132261259267,0.6236533210287698,0.3309934246861511
20,Llama8B_GSM8K_Final,6,5,0.054247994,0.18933283,0.960647018209717,0.9641827911565808,0.5903711602917312,0.2951785328732851
21,Llama8B_GSM8K_Final,8,1,0.08217468,0.16589645,0.9451845570767282,0.9081900333733067,0.6939736310863398,0.1943408677361944
22,Llama8B_GSM8K_Final,8,3,0.06595579,0.2656606,0.9527813268713204,0.9593318910016428,0.48611055738112263,0.17936716600452796
23,Llama8B_GSM8K_Final,8,5,0.03299543,0.14570342,0.9680670621832447,0.964860612025825,0.2549677531552931,0.14271157909094545
24,Llama8B_Math500_Final,2,1,0.02671685,0.07886588,0.8301881493668442,0.9376275485754013,0.8270621218818788,0.49795615012778394
25,Llama8B_Math500_Final,2,3,0.0062704044,0.12154588,0.8879462591803912,0.963141922978149,0.7933967379696119,0.5071755725154963
26,Llama8B_Math500_Final,2,5,0.00348217,0.16398115,0.9306290302195275,0.9667247969804234,0.6461250406982388,0.6744266054974435
27,Llama8B_Math500_Final,4,1,0.027970262,0.2595979,0.8895428792510154,0.9495497752477725,0.6383616298638437,0.3980883178304949
28,Llama8B_Math500_Final,4,3,0.01656344,0.24327812,0.9414588295293776,0.9758901778480102,0.6120641289538606,0.23992008624645844
29,Llama8B_Math500_Final,4,5,0.028214933,0.19769287,0.9580557010829576,0.9781161358481959,0.71749816401945,0.17042556813066134
30,Llama8B_Math500_Final,6,1,0.054532275,0.34240213,0.9222541437805255,0.9568516432742278,0.7514553879375319,0.4400724945277744
31,Llama8B_Math500_Final,6,3,0.026049126,0.41708767,0.951847706134148,0.9795234947540294,0.6353035388719979,0.38759753183945556
32,Llama8B_Math500_Final,6,5,0.02795909,0.30802318,0.9730611016501242,0.9808086002605003,0.41775129040980674,0.24131861112055086
33,Llama8B_Math500_Final,8,1,0.043291394,0.41078448,0.9180840425435147,0.9544522920747598,0.48939558513533277,0.28160049270716736
34,Llama8B_Math500_Final,8,3,0.028605139,0.46370038,0.976263683439242,0.9766871797284861,0.4617806395876948,0.254483118660761
35,Llama8B_Math500_Final,8,5,0.03858754,0.123685285,0.9723253846168518,0.9856073639371938,0.4209721500549206,0.0023286160323966465
36,Qwen1.5_GSM8K_L20,2,1,0.09599204,0.09972782,0.5779569963755868,0.5427392267070352,0.8022669829010984,0.9876152499057214
37,Qwen1.5_GSM8K_L20,2,3,0.094644584,0.33278218,0.6197848372269021,0.5492319654486033,0.7510986082305465,0.9813664596008894
38,Qwen1.5_GSM8K_L20,2,5,0.17575374,0.3083915,0.6779508447839713,0.755971560254693,0.9703630175778842,0.5555555554864198
39,Qwen1.5_GSM8K_L20,4,1,0.14130613,0.13344595,0.642254587188633,0.6101109323583017,0.5435546811341165,0.7462683530895474
40,Qwen1.5_GSM8K_L20,4,3,0.14741905,0.5770695,0.6739807725012493,0.5494578563134763,0.3084754014453449,0.4210113617297895
41,Qwen1.5_GSM8K_L20,4,5,0.2929553,0.53961873,0.7188903810573437,0.7659888360649347,0.7437054216083842,0.3178047966335823
42,Qwen1.5_GSM8K_L20,6,1,0.21053012,0.18686128,0.6670785339851188,0.6086052779905072,0.6649081753383168,0.548987619504828
43,Qwen1.5_GSM8K_L20,6,3,0.20095757,0.65949273,0.6950241959448994,0.5734520141222623,0.2499504372604181,0.4905989356976971
44,Qwen1.5_GSM8K_L20,6,5,0.31238127,0.9210173,0.7384382233665704,0.7061325386166573,0.39154719071672217,0.4999999999524809
45,Qwen1.5_GSM8K_L20,8,1,0.1769177,0.17950979,0.6701761719844965,0.6257808894578113,0.44608914478256223,0.44787040070538
46,Qwen1.5_GSM8K_L20,8,3,0.19081934,0.71632624,0.7096135547178324,0.567300807747095,0.19961532018113048,0.14322721278915684
47,Qwen1.5_GSM8K_L20,8,5,0.3111437,1.0075607,0.7288472267198819,0.7082763188518584,0.18978428661233004,0.5866424465903735
48,Qwen14B_Math500_L28,2,1,0.012073963,0.012882017,0.8835998340861315,0.9294516990164748,0.7866811711870189,0.9211351754959456
49,Qwen14B_Math500_L28,2,3,0.00473576,0.11315117,0.9403113160243433,0.9663900561251882,0.9060675955538599,0.6249999999218749
50,Qwen14B_Math500_L28,2,5,0.0074612102,0.003863743,0.9677523863222207,0.9960860759019852,0.9388140161611547,0.0
51,Qwen14B_Math500_L28,4,1,0.03091593,0.054394044,0.9439794890935355,0.9416625929479839,0.6792303341942516,0.841245434148753
52,Qwen14B_Math500_L28,4,3,0.015766606,0.1874076,0.9725308323259553,0.9665892407045527,0.7086973927754849,0.5567056032661688
53,Qwen14B_Math500_L28,4,5,0.024930814,0.02430937,0.9833965033837461,0.9971502274274826,0.7206125238973633,0.0
54,Qwen14B_Math500_L28,6,1,0.042468734,0.11104485,0.9572620542446633,0.9555671909777056,0.8053936790702935,0.7262771804570942
55,Qwen14B_Math500_L28,6,3,0.024520619,0.3275761,0.9808346462608006,0.9631197806132041,0.7544556220031916,0.21214776368893962
56,Qwen14B_Math500_L28,6,5,0.040581293,0.1611011,0.9880425462367952,0.9608977735042572,0.7693598447212657,0.9999999989999999
57,Qwen14B_Math500_L28,8,1,0.046176344,0.11408625,0.9650964988714309,0.9552680450828136,0.5344192169918326,0.5177547971023166
58,Qwen14B_Math500_L28,8,3,0.023201518,0.30338418,0.9862361454537937,0.9753378862041538,0.4267441431034933,0.2500000000625
59,Qwen14B_Math500_L28,8,5,0.052946724,0.19010004,0.9885547443562949,0.969110444188118,0.7574796508559035,0.0
60,Qwen14B_Math500_Final,2,1,0.030911488,0.037488006,0.7897945982333466,0.852427130998814,0.8980578764843588,0.8814209046684546
61,Qwen14B_Math500_Final,2,3,0.004111551,0.058726627,0.9059625515050944,0.9542070814856777,0.8511945158503769,0.30952380947745506
62,Qwen14B_Math500_Final,2,5,0.003108886,5.720405e-09,0.9452158875567817,0.9977596998214722,0.43060109289250104,0.9999999989999999
63,Qwen14B_Math500_Final,4,1,0.046691258,0.047144715,0.8325140372459419,0.8994679114181702,0.5448751942721495,0.6711013080401455
64,Qwen14B_Math500_Final,4,3,0.012095034,0.21502858,0.9589898748707035,0.9645811451805962,0.688946047201799,0.39237478138994153
65,Qwen14B_Math500_Final,4,5,0.018855443,0.0047552874,0.974980354309082,0.9973596533139547,0.553165456404459,0.0
66,Qwen14B_Math500_Final,6,1,0.04961898,0.06577688,0.852096276295311,0.9038634200465597,0.37710409175028925,0.3573933162069608
67,Qwen14B_Math500_Final,6,3,0.019445498,0.2502851,0.9676866649935104,0.9611318078305986,0.5346535991634602,0.37294432563661717
68,Qwen14B_Math500_Final,6,5,0.023546033,0.20554815,0.9884890868441871,0.9844173192977905,0.5229615053387342,0.0
69,Qwen14B_Math500_Final,8,1,0.055774637,0.1235345,0.8676833398691491,0.9134382317735724,0.5374116120270582,0.5894166910356572
70,Qwen14B_Math500_Final,8,3,0.016968416,0.26297948,0.9761262938840077,0.9578174308494285,0.20507363725136007,0.125798558961011
71,Qwen14B_Math500_Final,8,5,0.02926213,0.17916287,0.9790171026330006,0.9952635765075684,0.5015211144668228,0.9999999989999999
72,Qwen1.5_Math500_L20,2,1,0.21846612,0.144305,0.6165253772910145,0.5961370524808653,0.8383544303784952,0.7330680616573304
73,Qwen1.5_Math500_L20,2,3,0.25158635,0.34969115,0.7150272120334007,0.6351422411614451,0.8977018419664227,0.9903846153445439
74,Qwen1.5_Math500_L20,2,5,0.27589625,0.21536803,0.8264607210238979,0.8698864263646743,0.7380347593530295,0.6666666664444445
75,Qwen1.5_Math500_L20,4,1,0.3088806,0.3862692,0.6566495956957373,0.5982327046908642,0.6084972317592057,0.6306586258485132
76,Qwen1.5_Math500_L20,4,3,0.40398243,0.84324026,0.7462880509930688,0.5908208482224365,0.7621009473112477,0.7476786152216269
77,Qwen1.5_Math500_L20,4,5,0.66136706,0.49722645,0.8290638420299883,0.8569532632827759,0.6183828989521061,0.33333333322222225
78,Qwen1.5_Math500_L20,6,1,0.36474928,0.4168425,0.6809218080442645,0.6159518765856946,0.3352474608621422,0.5819716409540624
79,Qwen1.5_Math500_L20,6,3,0.50302964,1.1122601,0.748073599451297,0.5722537127548251,0.2314369974196543,0.6605851102167153
80,Qwen1.5_Math500_L20,6,5,0.8989363,0.5686295,0.8277866605927827,0.843474829898161,0.6705361885385817,0.499999999875
81,Qwen1.5_Math500_L20,8,1,0.5263224,0.5716018,0.6649398754205693,0.591112214149884,0.5632536455812809,0.5549020714341188
82,Qwen1.5_Math500_L20,8,3,0.6601107,1.4103143,0.7477356787066202,0.5438517239843977,0.4740019205064966,0.3562667772325243
83,Qwen1.5_Math500_L20,8,5,1.109766,0.68276376,0.8318650947744864,0.7480834411347613,0.7867400486478124,0.9999999996666666
84,Qwen14B_GSM8K_Final,2,1,0.20756587,0.026032394,0.8568781671214238,0.8776995650721047,0.5660555034746353,0.9691338073570023
85,Qwen14B_GSM8K_Final,2,3,0.22600502,0.06760521,0.9011242673274429,0.9494567977057563,0.4843878253790965,0.74999999990625
86,Qwen14B_GSM8K_Final,2,5,0.28847808,8.646975e-09,0.9414770121640358,0.9915825128555298,0.6685017779165674,0.0
87,Qwen14B_GSM8K_Final,4,1,0.22988892,0.07934328,0.8808920672215984,0.9044326944452412,0.32208923882701135,0.43798182261657803
88,Qwen14B_GSM8K_Final,4,3,0.25400755,0.17307752,0.9175248757320345,0.9606315692265829,0.24842579869399584,0.2499999999375
89,Qwen14B_GSM8K_Final,4,5,0.5413912,7.461301e-09,0.9527470709175848,0.9922336935997009,0.4724500757866902,0.0
90,Qwen14B_GSM8K_Final,6,1,0.22004984,0.044303887,0.8911490044014602,0.9315085678870948,0.21914883449960543,2.3265278592532468e-11
91,Qwen14B_GSM8K_Final,6,3,0.33585042,0.16340943,0.9298298152307338,0.9745083120134141,0.18165584531985246,0.09523809528798188
92,Qwen14B_GSM8K_Final,6,5,0.64024204,4.7052967e-05,0.9577065760911,0.9900552034378052,0.42069792373332116,0.0
93,Qwen14B_GSM8K_Final,8,1,0.44360083,0.13541777,0.8967847332905579,0.9312661624742005,0.2697860528102459,0.06174389612547149
94,Qwen14B_GSM8K_Final,8,3,0.5170375,0.332536,0.9326514702588996,0.9445980654822456,0.15738339107558152,0.33764102069928814
95,Qwen14B_GSM8K_Final,8,5,0.8728085,0.00013359035,0.9584766816744794,0.9881757497787476,0.42150237550747904,0.0
